{
  "{asid}": {
    "profileList": ["AsidAuthorities","AsidExecutives","AsidLicenseOwner","Public"],
    "useCaseMap": {}
  },
  "*": {
    "profileList": ["Authorities","Executives","AwidLicenseOwner","Public","Operators","Pilots"],
    "useCaseMap": {
      "sys/uuAppWorkspace/init": {
        "sysStateList": ["created"],
        "profileList": ["AwidLicenseOwner"]
      },
      "defaultUve": {
        "profileList": ["Public"]
      },
      "sys/uuAppWorkspace/initUve": {
        "sysStateList": ["created"],
        "profileList": ["Public","AwidLicenseOwner"]
      },
      "logBookEntry/create": {
        "sysStateList": ["active"],
        "profileList": ["Pilots", "Public"]
      },
      "logBookEntry/list": {
        "sysStateList": ["active"],
        "profileList": ["Operators", "Public"]
      },
      "logBookEntry/listByPilot": {
        "sysStateList": ["active"],
        "profileList": ["Pilots", "Public"]
      },
      "logBookEntry/update": {
        "sysStateList": ["active"],
        "profileList": ["Operators","Pilots", "Public"]
      },
      "logBookEntry/get": {
        "sysStateList": ["active"],
        "profileList": ["Operators","Pilots", "Public"]
      },
      "logBookEntry/delete": {
        "sysStateList": ["active"],
        "profileList": ["Pilots", "Public"]
      },
      "aircraft/create": {
        "sysStateList": ["active"],
        "profileList": ["Operators", "Public"]
      },
      "aircraft/get": {
        "sysStateList": ["active"],
        "profileList": ["Operators","Pilots", "Public"]
      },
      "aircraft/delete": {
        "sysStateList": ["active"],
        "profileList": ["Operators", "Public"]
      },
      "aircraft/list": {
        "sysStateList": ["active"],
        "profileList": ["Operators","Pilots", "Public"]
      },
      "aircraft/setState": {
        "sysStateList": ["active"],
        "profileList": ["Operators", "Public"]
      },
      "aircraft/getImageData": {
        "sysStateList": ["active"],
        "profileList": ["Public"]
      },
      "place/create": {
        "sysStateList": ["active"],
        "profileList": ["Operators", "Public"]
      },
      "place/delete": {
        "sysStateList": ["active"],
        "profileList": ["Operators", "Public"]
      },
      "place/get": {
        "sysStateList": ["active"],
        "profileList": ["Operators","Pilots", "Public"]
      },
      "place/list": {
        "sysStateList": ["active"],
        "profileList": ["Public"]
      },
      "personalPilotCard/create": {
        "sysStateList": ["active"],
        "profileList": ["Operators", "Public"]
      },
      "personalPilotCard/get": {
        "sysStateList": ["active"],
        "profileList": ["Operators","Pilots", "Public"]
      },
      "personalPilotCard/delete": {
        "sysStateList": ["active"],
        "profileList": ["Operators", "Public"]
      }
    }
  }
}