{
  "uuSubAppDataStore": {
    "primary": {
      "type": "uuAppObjectStore",
      "realization": "MongoDB",
      "schemaMap": {
        "logBook": {
          "realization": "dao/BookMainMongo",
          "maxNoi": 1
        },
        "place": {
          "realization": "dao/PlaceMongo",
          "maxNoi": 50000
        },
        "aircraft": {
          "realization": "dao/AircraftMongo",
          "maxNoi": 10000
        },
        "personalPilotCard": {
          "realization": "dao/PersonalPilotCardMongo",
          "maxNoi": 10000
        },
        "logBookEntry": {
          "realization": "dao/LogBookEntryMongo",
          "maxNoi": 1000000
        }
      }
    },
    "binary": {
      "type": "uuAppBinaryStore",
      "realization": "mongodb",
      "schemaMap": {
        "aircraftImage": {
          "realization": "dao/ImageMongo",
          "maxNoi": 1024
        }
      }
    }
  }
}
